малярний скотч,4400
торнадор,3600
кераміка для авто,2400
плямовивідник,2400
антидощ,1900
активна піна для авто,1600
омивач скла,1300
піна для миття авто,1300
піна для миття автомобіля,1300
полірування авто,1300
поліроль для пластику,1300
твердий віск для авто,1300
хімчистка салону авто,1300
скотч малярний,1300
активна піна,1000
віск для авто,1000
засоби для хімчистки салону автомобіля,1000
кераміка для кузова,1000
очищувач двигуна,1000
поліроль для пластику авто,1000
рідке скло для авто,1000
хімія для миття авто,1000
хімія для хімчистки салону автомобіля,1000
щітка для миття авто,1000
малярна стрічка,880
паста для полірування автомобіля,880
антибітум,720
віск для автомобіля,720
віск для миття авто,720
зимовий омивач скла,720
паста для полірування авто,720
поліроль для торпеди,720
хімія для хімчистки салону,720
автокосметика,590
автошампунь,590
глина для авто,590
губка для авто,590
засіб для чищення салону автомобіля,590
нанокераміка для авто,590
очищувач дисків,590
очищувач салону,590
поліроль для шин,590
антидощ для авто,480
віск для кузова авто,480
засоби для полірування авто,480
засіб для миття двигуна,480
засіб для хімчистки салону авто,480
мікрофібра для авто,480
набір для миття авто,480
поглинач запахів,480
поліроль для авто,480
поліроль для салону авто,480
розпилювач для води,480
хімія для миття двигуна,480
щітка для миття машини,480
автохімія для миття авто,390
активна піна для миття авто,390
антидощ для скла авто,390
знежирювач для авто,390
очищувач бітуму,390
паста для полірування кузова автомобіля,390
поліроль для кузова,390
полірувальна паста,390
чорніння гуми,390
шампунь для авто,390
автохімія для салону,320
активна піна для безконтактної мийки,320
антидощ для автомобіля,320
віск для полірування авто,320
глина для очищення кузова,320
засоби для догляду за авто,320
засоби для миття авто,320
засіб для миття автомобіля,320
засіб для чищення дисків автомобіля,320
засіб для чищення салону,320
засіб для чищення сидінь автомобіля,320
знежирювач антисилікон,320
знежирювач кузова,320
нанокераміка,320
очищувач кузова,320
очищувач пластику авто,320
очищувач слідів комах,320
очищувач шкіри авто,320
поліроль для фар,320
рідкий віск для авто,320
синя глина для авто,320
хімія для салону авто,320
щітка для чищення салону авто,320
автохімія для автомийки,260
антимошка для авто,260
відновлювач пластику,260
губки для миття авто,260
засіб для миття дисків,260
засіб для хімчистки салону автомобіля,260
засіб для чищення дисків,260
знежирювач для кузова авто,260
консервант двигуна,260
набір для хімчистки авто,260
очищувач гуми,260
очищувач для дисків,260
очищувач кондиціонера,260
поліроль для скла,260
полірування фар,260
хімія для миття автомобіля,260
щітка для миття автомобіля,260
автошампунь для ручної мийки,210
активна піна для автомийки,210
віск автомобільний,210
глина для полірування авто,210
засоби для чищення салону авто,210
засіб для догляду за пластиком авто,210
засіб для очищення дисків,210
засіб для чорніння гуми,210
засіб для чищення шкіри авто,210
знежирювач для авто перед фарбуванням,210
очищувач для двигуна,210
очищувач скла,210
поліроль для салону,210
поліроль для чорного пластику,210
шампунь для миття машини,210
щітка для хімчистки авто,210
автохімія інтернет магазин,170
аксесуари для миття авто,170
антидощ на лобове скло,170
відро для миття авто,170
засоби догляду за авто,170
засіб для миття скла авто,170
засіб для очищення двигуна,170
засіб для чищення пластику авто,170
кондиціонер для шкіри авто,170
нейтралізатор запахів,170
очисник бітуму,170
очищувач колісних дисків,170
очищувач салону автомобіля,170
поліроль для шкіри авто,170
полірування машини,170
розморожувач скла,170
хімія для чищення салону авто,170
шампунь для ручної мийки авто,170
щітка для видалення шерсті,170
автокосметика для авто,140
автохімія для двигуна,140
антизапотівач скла,140
віск для сушки авто,140
глина для чистки авто,140
губка для полірування авто,140
засоби для чищення дисків авто,140
засіб антидощ,140
засіб від комах,140
засіб для видалення бітуму,140
засіб для миття машини,140
засіб для очищення салону,140
засіб для полірування авто,140
засіб для хімчистки салону,140
засіб для чищення тканинного салону,140
знежирювач універсальний,140
керамічне покриття авто,140
набір автохімії,140
набір для полірування авто,140
очищувач для шкіри авто,140
пістолет для хімчистки авто,140
полірувальна машинка для авто,140
рушник для сушки авто,140
серветки для авто,140
хімія для безконтактної мийки,140
хімія для чищення дисків,140
шампунь для миття авто,140
щітка для дисків,140
автошампунь з воском,110
активна піна для мийки,110
ароматизатор в машину,110
відновлювач кольору пластику,110
ганчірка для миття авто,110
губка для миття машини,110
засоби для чорніння шин,110
засіб для догляду за шкірою авто,110
засіб для миття салону,110
засіб для очищення пластику салону,110
засіб для чищення алькантари,110
засіб для чищення двигуна,110
засіб для чищення шкіряного салону,110
знежирювач для металу,110
кераміка на авто,110
набір для дітейлінгу,110
очищувач велюру,110
очищувач для пластику,110
піна для безконтактної мийки,110
поліроль для дисків,110
поліроль для металу,110
поліроль від подряпин,110
приладдя для миття авто,110
синя глина,110
сухий туман для авто,110
хімія для мийки самообслуговування,110
шампунь для безконтактної мийки,110
шкіра для протирання авто,110
щітка для снігу,110
автоскраб,90
аксесуари для дітейлінгу,90
апарат для хімчистки авто,90
відновлювач гуми,90
віск для чорних авто,90
ганчірка з мікрофібри,90
гель для миття авто,90
глина для авто купити,90
губка меламінова,90
засоби для мийки самообслуговування,90
засіб для видалення комах,90
засіб для видалення подряпин на авто,90
засіб для догляду за гумою,90
засіб для консервації двигуна,90
засіб для миття двигуна автомобіля,90
засіб для полірування фар,90
засіб для чищення ковроліну в авто,90
знежирювач автомобіля,90
круг полірувальний,90
набір для догляду за шкіряним салоном,90
нейтралізатор запаху в авто,90
очищувач гальмівних дисків,90
очищувач скла авто,90
паста для полірування фар,90
піногенератор для мийки,90
поліроль для хрому,90
преміум автохімія,90
професійна автохімія,90
рідка гума для авто,90
серветка з штучної замші,90
холодний віск для авто,90
хімія для авто,90
хімія для дисків,90
шампунь для ручної мийки,90
щітка для миття дисків,90
автошампунь для безконтактної мийки,70
активна піна купити,70
антидощ для скла,70
вафельний рушник для авто,70
віск карнауба,70
губка для автомийки,70
засоби для видалення бітуму,70
засіб від бітуму,70
засіб для миття кузова,70
засіб для очищення кузова від бітуму,70
засіб для очищення тканини салону,70
засіб для чищення стелі авто,70
знежирювач перед поліруванням,70
набір щіток для дітейлінгу,70
очищувач дисків авто,70
очищувач плям на авто,70
очищувач шин,70
піна активна,70
поліроль з воском,70
полірувальна машинка,70
професійна хімія для хімчистки салону,70
рукавиця з овчини,70
силікон для авто,70
хімія для миття двигуна своїми руками,70
хімія для чищення двигуна,70
шампунь з ефектом воску,70
щітка для миття коліс,70
автохімія для кузова,50
активна піна ціна,50
антидощ купити,50
відро для дітейлінгу,50
віск для авто ціна,50
ганчірка для сушки авто,50
губка для нанесення воску,50
засоби для дітейлінгу,50
засіб для видалення іржі з авто,50
засіб для догляду за шинами,50
засіб для миття авто без води,50
засіб для очищення шкіри,50
засіб для чищення велюру,50
знежирювач антисиліконовий,50
керамічний лак для авто,50
набір мікрофібри,50
очищувач кузова від бітуму,50
очищувач салону піна,50
паста для видалення подряпин,50
пінна насадка,50
поліроль для панелі приладів,50
преміум мийка,50
рукавиця для миття авто,50
синя глина 3м,50
сушка для авто,50
хімія для мийки,50
чорнитель гуми,50
шампунь для автомобіля,50
щітка для чищення сидінь,50
автокосметика для салону,40
автохімія київ,40
активна піна для авто відгуки,40
антизапотівач,40
віск для авто рідкий,40
гідрофобне покриття,40
засоби для миття двигуна,40
засіб для відновлення пластику,40
засіб для миття вікон авто,40
засіб для очищення дисків від іржі,40
засіб для полірування пластику,40
засіб для чищення торпеди,40
знежирювач для авто ціна,40
мікрофібра для сушки авто,40
набір для догляду за авто,40
очищувач двигуна зовнішній,40
очищувач коліс,40
очищувач пластику,40
паста полірувальна,40
пінний очищувач салону,40
поліроль для авто відгуки,40
полірування скла,40
подарунковий набір для авто,40
рідина для миття двигуна,40
серветки для скла,40
твердий віск,40
хімія для автомийки,40
хімія для чорніння гуми,40
шампунь концентрат для авто,40
щітка для пилу в авто,40
автошампунь ціна,30
автошампунь купити,30
активна піна для миття,30
антидощ відгуки,30
віск для авто як користуватися,30
губка автомобільна,30
засіб від запотівання скла,30
засіб для миття салону авто,30
засіб для очищення гуми,30
засіб для чищення алькантари в авто,30
засіб для видалення запаху,30
знежирювач поверхні,30
літній омивач,30
мікрофібра,30
набір для миття машини,30
очищувач двигуна від мастила,30
очищувач іржі,30
очищувач слідів скотчу,30
поліроль,30
поліроль для фар своїми руками,30
розморожувач замків,30
сухий шампунь для авто,30
хімія для миття салону,30
шкіра для авто,30
щітка для чищення килимків,30
автохімія,20
віск,20
гарячий віск для авто,20
губка,20
засіб для чищення шкіри,20
засіб для чорніння гуми,20
набір,20
очищувач,20
піна,20
полірування,20
шампунь,20
щітка,20
засіб для чищення дисків,10