піна для автомобіля	140
подарункові набори для чоловіків в машину	140
полірувальні круги для авто	140
склоомивач зимовий	140
tornador	140
набір для миття автомобіля	140
паста авто	110
паста для полірування	110
полірувальні машини	110
поліроль для торпеди	110
ганчірка для авто	110
щітка автомобільна	110
щітка для мийки авто	110
відновлювач пластику авто	110
круги для полірування	110
купити автошампунь	110
купити твердий віск для авто	110
машинка для полірування	110
омивач літній	90
піна для автомийки	90
полірування авто своїми руками	90
поліроль для панелі автомобіля	90
догляд за шкірою авто	90
щітка скребок для авто	90
автохімія опт	90
автохімія оптом	90
рідкий віск	90
рідке скло ціна	90
косметика для авто	90
косметика для автомобіля	90
купити віск для авто	90
купити хімію для авто	90
мікрофібра для машини	90
полірувальна машина для авто на акумуляторі	70
полірування кузова	70
поліроль для шин	70
засіб для хімчистки авто	70
хімія для машини	70
хімія для мотора	70
хімія для миття машин	70
чорніння коліс	70
купити мікрофібру для авто	70
купити омивач скла	70
купити полірувальну пасту для авто	70
купити полірувальну машину	70
