рідке скло	5400
омивач скла зимовий	3600
піна для миття авто	1300
піна для миття автомобіля	1300
щітка для миття авто	1000
рідке скло для авто	1000
пасти для полірування авто	880
омивач скла літній	720
полірувальна машина для авто	590
поглинач запаху	480
полірувальна паста для авто	480
розпилювач для води	480
хімія для миття двигуна	390
хімія для хімчистки авто	390
хімія для хімчистки автомобіля	390
магазин автохімії	390
машинка для полірування авто	390
піноутворювач для мийки високого тиску	320
полірувальні круги	320
полірувальна машинка для автомобіля	320
рушник для сушки авто	320
акумуляторна полірувальна машина	320
купити полірувальну машинку	320
купити торнадор	320
набори для авто	320
фібра для авто	260
антимошка	260
купити полірувальну машинку для авто	260
мочалка для авто	260
піна для мийки авто	210
керамічне покриття авто	210
купити активну піну	210
купити антидощ	210
купити рідке скло для авто	210
купити рідке скло для автомобіля	210
нейтралізатор запаху в авто	210
омивач для скла	170
засіб для чистки сидінь авто	170
склоомивач	170
щітка для автомобіля	170
круг для полірування авто	170
купити омивач скла зимовий	170
купити щітку для миття авто	170
купити щітку для миття автомобіля	170
піна для авто	140
піна для автомобіля	140
подарункові набори для чоловіків в машину	140
полірувальні круги для авто	140
склоомивач зимовий	140
tornador	140
набір для миття автомобіля	140
паста авто	110
паста для полірування	110
полірувальні машини	110
поліроль для торпеди	110
ганчірка для авто	110
щітка автомобільна	110
щітка для мийки авто	110
відновлювач пластику авто	110
круги для полірування	110
купити автошампунь	110
купити твердий віск для авто	110
машинка для полірування	110
омивач літній	90
піна для автомийки	90
полірування авто своїми руками	90
поліроль для панелі автомобіля	90
догляд за шкірою авто	90
щітка скребок для авто	90
автохімія опт	90
автохімія оптом	90
рідкий віск	90
рідке скло ціна	90
косметика для авто	90
косметика для автомобіля	90
купити віск для авто	90
купити хімію для авто	90
мікрофібра для машини	90
полірувальна машина для авто на акумуляторі	70
полірування кузова	70
поліроль для шин	70
засіб для хімчистки авто	70
хімія для машини	70
хімія для мотора	70
хімія для миття машин	70
чорніння коліс	70
купити мікрофібру для авто	70
купити омивач скла	70
купити полірувальну пасту для авто	70
купити полірувальну машину	70
купити поліроль для салону автомобіля	70
купити шампунь для авто	70
мочалка для машини	70
набір для мийки авто	70
піна для миття машини	50
полірування автомобіля	50
щітки для хімчистки авто	50
глина для кузова	50
купити рідкий віск для авто	50
купити машинку для полірування авто	50
малярний скотч ціна	50
очисник бітуму	40
очищувач скла автомобіля	40
піна для машини	40
подарунковий набір для авто	40
скотч малярний автомобільний	40
хімія для двигуна	40
хімія для хімчистки салону авто	40
автомобільна глина	40
віск для полірування авто	40
гідрофобне покриття для скла	40
кислотний шампунь для авто	40
косметика для машин	40
купити зимовий омивач	40
купити піноутворювач для мийки авто	40
купити піну для миття машини	40
купити полірувальні круги	40
купити полірувальну машинку для автомобіля	40
купити полірувальну пасту	40
купити плямовивідник	40
купити хімію для мийки авто	40
магазин автокосметики	40
набір для догляду за машиною	40
набір для чистки автомобіля	40
набір для чистки салону авто	40
омивач скла антимошка	30
подарункові набори в машину	30
полірувальний набір для авто	30
поліроль для шкіри	30
розпилювач для мийки авто	30
догляд за салоном авто	30
хімія для безконтактної мийки авто	30
щітка для миття дисків авто	30
восковий поліроль для авто	30
для хімчистки салону	30
купити набір для полірування авто	30
купити омивач	30
купити щітку для миття машини	30
набір для догляду за салоном автомобіля	30
набір паст для полірування авто	30
набір щіток для хімчистки авто	30
омивач для машини	20
омивач заднього скла	20
омивач лобового скла	20
омивач скла купити	20
поглинач запаху для авто	20
поліроль для скла автомобіля	20
засоби для хімчистки	20
засіб для шкіряного салону	20
засіб для очищення скла автомобіля	20
засіб для полірування лобового скла	20
засіб для скла авто	20
догляд за шкірою салону авто	20
хімія для сидінь авто	20
шампунь для мийки авто	20
активна піна для автомийки	20
безконтактна піна	20
швидкий віск для авто	20
диск полірувальний	20
диски для полірування	20
комплект для полірування авто	20
крем для шкіри авто	20
купити віск для автомобіля	20
купити пасту для полірування авто	20
купити хімію для чистки салону авто	20
купити щітку для машини	20
машина для полірування авто	20
мікрофібра для скла авто	20
миючий засіб для авто	20
набір для прибирання машини	20
набір для чистки машини	20
нейтралізатори запаху	20
обладнання для мийки автомобілів	10
очищувач лобового скла	10
піна для мийки автомобіля	10
полірувальні машинки для авто	10
поліроль для гуми	10
поліроль для торпеди авто	10
поліроль для торпеди автомобіля	10
рушник мікрофібра для авто	10
засоби для чистки шкіряного салону	10
засіб для дисків	10
засіб для шкіри	10
засіб для очищення шкіри авто	10
засіб для очищення кузова авто	10
засіб для чистки дисків авто	10
склоомивач зимовий ціна	10
твердий віск для авто ціна	10
торнадор для хімчистки авто	10
торнадор ціна	10
ганчірка для скла авто	10
хімія для шкіри авто	10
хімія для мийки мотора	10
хімія для чистки дисків	10
хімія для чистки сидінь авто	10
щітка для шкіри авто	10
щітка для чистки авто	10
wool pad	10
автокосметика оптом	10
антибітум купити	10
антимошка на мийці самообслуговування	10
аплікатор для авто	10
глина для полірування	10
гарячий віск для автомобіля	10
диск для полірування авто	10
рідке скло для кузова авто	10
рідке скло на машину	10
зимові омивачі скла	10
каталог автокосметики	10
концентрат антимошка	10
купити віск для машини	10
купити піну для мийки авто	10
купити поліроль для пластику	10
купити розпилювач для води	10
купити склоомивач	10
малярний скотч широкий	10
машина для полірування	10
мікрофібра для полірування авто	10
мочалка автомобільна	10
мочалка для миття машини	10
набір для прибирання автомобіля	10
набір для хімчистки автомобіля	10
набір кругів для полірування авто	10
нанокераміка ціна	10
